{"cameraMode":{"drawMode":0,"name":"Shaded","section":"Shading Mode"},"sceneLighting":true,"audioPlay":false,"sceneViewState":{"m_AlwaysRefresh":false,"showFog":true,"showSkybox":true,"showFlares":true,"showImageEffects":true,"showParticleSystems":true,"showVisualEffectGraphs":true,"m_FxEnabled":true},"in2DMode":false,"pivot":{"x":-1.9660109281539918,"y":6.481944561004639,"z":0.020059501752257348},"rotation":{"x":-0.11580973118543625,"y":-0.706644594669342,"z":0.11898059397935868,"w":-0.6878120303153992},"size":8.307249069213868,"orthographic":false}