{"cameraMode":{"drawMode":0,"name":"Shaded","section":"Shading Mode"},"sceneLighting":true,"audioPlay":false,"sceneViewState":{"m_AlwaysRefresh":false,"showFog":true,"showSkybox":true,"showFlares":true,"showImageEffects":true,"showParticleSystems":true,"showVisualEffectGraphs":true,"m_FxEnabled":true},"in2DMode":false,"pivot":{"x":0.18351414799690247,"y":1.6261310577392579,"z":-0.33898040652275088},"rotation":{"x":-0.16026216745376588,"y":0.7747899889945984,"z":-0.2171926498413086,"w":-0.5717021822929382},"size":1.901502251625061,"orthographic":false}